"longitude","latitude","species","weight","weight_percentile","weight_category"
122.150002,48.5,"Apodemus peninsulae",1,92.7777777777778,"高权重"
122.25,48.083332,"Apodemus peninsulae",1,92.7777777777778,"高权重"
103.533333,34.583332,"Apodemus peninsulae",0.466543469200925,78.8888888888889,"高权重"
103.375969,34.480751,"Apodemus peninsulae",0.517072746308577,83.3333333333333,"高权重"
117.71434,40.94157,"Apodemus peninsulae",1,92.7777777777778,"高权重"
103.367149,34.602833,"Apodemus peninsulae",0.491517926997352,80,"高权重"
103.745155,34.491036,"Apodemus peninsulae",0.788426175259027,84.4444444444444,"高权重"
107.383331,33.880501,"Apodemus peninsulae",1,92.7777777777778,"高权重"
103.666664,32.5,"Apodemus peninsulae",1,92.7777777777778,"高权重"
127.283333,45.366665,"Apodemus peninsulae",0.299784870291547,64.4444444444444,"中权重"
126.699997,43.25,"Apodemus peninsulae",1,92.7777777777778,"高权重"
127.28333,45.36667,"Apodemus peninsulae",0.299788286232971,65.5555555555556,"中权重"
128.139087,41.535207,"Apodemus peninsulae",1,92.7777777777778,"高权重"
101.066,32.41199,"Apodemus peninsulae",0.040710733256843,3.33333333333333,"低权重"
101.068463,32.415339,"Apodemus peninsulae",0.04073933216997,8.88888888888889,"低权重"
101.0669,32.41117,"Apodemus peninsulae",0.0407326389379332,6.66666666666667,"低权重"
104.44,34.62,"Apodemus peninsulae",0.308285834572336,66.6666666666667,"中权重"
101.073837,32.416525,"Apodemus peninsulae",0.0410402247648864,18.8888888888889,"低权重"
101.07337,32.417065,"Apodemus peninsulae",0.0410517211257098,20,"低权重"
101.078562,32.40628,"Apodemus peninsulae",0.0414856601684903,21.1111111111111,"低权重"
101.1984,32.34516,"Apodemus peninsulae",0.0673347169860413,31.1111111111111,"中权重"
101.066229,32.414228,"Apodemus peninsulae",0.0407252486238042,5.55555555555556,"低权重"
101.074278,32.415108,"Apodemus peninsulae",0.0409958695305865,16.6666666666667,"低权重"
101.074409,32.415044,"Apodemus peninsulae",0.0410040903714213,17.7777777777778,"低权重"
101.0654,32.41269,"Apodemus peninsulae",0.0407247582169913,4.44444444444444,"低权重"
101.0707,32.41723,"Apodemus peninsulae",0.0409372293505295,15.5555555555556,"低权重"
101.0694,32.41714,"Apodemus peninsulae",0.0408971472807941,13.3333333333333,"低权重"
101.0663,32.41686,"Apodemus peninsulae",0.0409083014718374,14.4444444444444,"低权重"
104.56,34.59,"Apodemus peninsulae",0.242879030316002,60,"中权重"
106.198812,35.66775,"Apodemus peninsulae",0.339898157001742,70,"中权重"
104.57,34.53,"Apodemus peninsulae",0.248253075631609,61.1111111111111,"中权重"
102.279871,31.71785,"Apodemus peninsulae",0.382832118400023,71.1111111111111,"中权重"
102.288732,31.717515,"Apodemus peninsulae",0.383243603622994,72.2222222222222,"中权重"
104.54,34.55,"Apodemus peninsulae",0.236826823545268,56.6666666666667,"中权重"
104.57,34.56,"Apodemus peninsulae",0.236969999530825,57.7777777777778,"中权重"
106.192321,35.673368,"Apodemus peninsulae",0.336813125535445,67.7777777777778,"中权重"
101.065,32.4132,"Apodemus peninsulae",0.0407495428695623,12.2222222222222,"低权重"
101.0456,32.43909,"Apodemus peninsulae",0.0451714017369203,22.2222222222222,"低权重"
101.0686,32.41531,"Apodemus peninsulae",0.0407394227594356,10,"低权重"
101.0762,32.3193,"Apodemus peninsulae",0.0513828987228167,24.4444444444444,"低权重"
101.0449,32.43877,"Apodemus peninsulae",0.0451783029263779,23.3333333333333,"低权重"
101.0653,32.41353,"Apodemus peninsulae",0.0407389255178104,7.77777777777778,"低权重"
101.0662,32.41199,"Apodemus peninsulae",0.0407047436739082,2.22222222222222,"低权重"
101.0475,32.30095,"Apodemus peninsulae",0.0547717137789502,28.8888888888889,"中权重"
101.0684,32.41539,"Apodemus peninsulae",0.0407421794795626,11.1111111111111,"低权重"
101.0664,32.41234,"Apodemus peninsulae",0.0406931224851177,1.11111111111111,"低权重"
101.0488,32.30172,"Apodemus peninsulae",0.0545233394420826,25.5555555555556,"中权重"
101.0472,32.30091,"Apodemus peninsulae",0.0548030835357045,30,"中权重"
101.0502,32.30099,"Apodemus peninsulae",0.054648031524012,27.7777777777778,"中权重"
86.783,48.694,"Apodemus peninsulae",0.172335294785641,42.2222222222222,"中权重"
86.778056,48.693889,"Apodemus peninsulae",0.172618103943327,43.3333333333333,"中权重"
86.781389,48.693056,"Apodemus peninsulae",0.17204774359065,41.1111111111111,"中权重"
86.772222,48.677222,"Apodemus peninsulae",0.17539075472883,45.5555555555556,"中权重"
86.779722,48.678611,"Apodemus peninsulae",0.174039053322719,44.4444444444444,"中权重"
100.329266,29.879868,"Apodemus peninsulae",0.166832518761623,35.5555555555556,"中权重"
100.330316,29.878877,"Apodemus peninsulae",0.167064015863804,36.6666666666667,"中权重"
86.803333,48.687778,"Apodemus peninsulae",0.176381481506254,46.6666666666667,"中权重"
100.530291,30.085184,"Apodemus peninsulae",0.239605383623412,58.8888888888889,"中权重"
100.522251,30.113091,"Apodemus peninsulae",0.235685046757188,55.5555555555556,"中权重"
100.366597,30.06038,"Apodemus peninsulae",0.168211926672564,40,"中权重"
100.366593,30.053306,"Apodemus peninsulae",0.16467075260356,32.2222222222222,"中权重"
100.515952,30.113938,"Apodemus peninsulae",0.233360523788914,54.4444444444444,"中权重"
100.33006,29.879787,"Apodemus peninsulae",0.166775896001806,34.4444444444444,"中权重"
100.328919,29.878125,"Apodemus peninsulae",0.167403693174162,37.7777777777778,"中权重"
102.277872,31.814941,"Apodemus peninsulae",0.439107068549939,73.3333333333333,"中权重"
100.366085,30.053275,"Apodemus peninsulae",0.164746889218573,33.3333333333333,"中权重"
100.328751,29.878071,"Apodemus peninsulae",0.167465703874576,38.8888888888889,"中权重"
101.0523,32.30115,"Apodemus peninsulae",0.0545854908259317,26.6666666666667,"中权重"
106.192717,35.673941,"Apodemus peninsulae",0.336906675887672,68.8888888888889,"中权重"
119.17008,25.82742,"Apodemus peninsulae",1,92.7777777777778,"高权重"
98.133333,24.933333,"Apodemus peninsulae",1,92.7777777777778,"高权重"
124.1755,39.8576,"Apodemus peninsulae",1,92.7777777777778,"高权重"
134.24,48.22,"Apodemus peninsulae",1,92.7777777777778,"高权重"
89.53,46.98,"Apodemus peninsulae",1,92.7777777777778,"高权重"
103.73,34.93,"Apodemus peninsulae",1,92.7777777777778,"高权重"
125.47,49.4,"Apodemus peninsulae",0.458462860694371,77.7777777777778,"高权重"
127.67,45.4,"Apodemus peninsulae",0.443393418685253,75.5555555555556,"高权重"
127.37,45.3,"Apodemus peninsulae",0.277782073902145,62.2222222222222,"中权重"
121.99,48.75,"Apodemus peninsulae",1,92.7777777777778,"高权重"
125.35,49.17,"Apodemus peninsulae",0.211780558598171,53.3333333333333,"中权重"
125.25,49.08,"Apodemus peninsulae",0.200021263931526,51.1111111111111,"中权重"
125.27,49.1,"Apodemus peninsulae",0.192846900984869,47.7777777777778,"中权重"
104.6911,38.0733,"BOLD:AAA3921",0.500051660480035,81.6666666666667,"高权重"
104.69114,38.073254,"BOLD:AAA3921",0.500051660480035,81.6666666666667,"高权重"
127.667,45.4,"BOLD:AAA3921",0.440634543585523,74.4444444444444,"中权重"
127.367,45.3,"BOLD:AAA3921",0.278065973232827,63.3333333333333,"中权重"
125.467,49.4,"BOLD:AAA3921",0.457499173517115,76.6666666666667,"高权重"
125.25,49.083,"BOLD:AAA3921",0.198576647232168,50,"中权重"
125.267,49.1,"BOLD:AAA3921",0.192882081908343,48.8888888888889,"中权重"
125.35,49.167,"BOLD:AAA3921",0.211145491396558,52.2222222222222,"中权重"
